{
  "train_loss": [
    1.2417852326886345,
    0.6941859325152318,
    0.6409906227397555,
    0.6174780082611637,
    0.5963238478844403
  ],
  "val_loss": [
    1.0054495244548503,
    0.9820683854298347,
    0.9258255443410986,
    0.9070587704992151,
    0.9099062997626954
  ],
  "val_accuracy": [
    0.8157848168465758,
    0.8248097681826225,
    0.8517076623606441,
    0.8517076623606441,
    0.8589630153955052
  ],
  "val_f1": [
    0.8078597679940623,
    0.8198597111703769,
    0.8456749678946969,
    0.8484840657795292,
    0.8513154562946113
  ],
  "learning_rate": [
    9.939057285945933e-05,
    9.757729755661012e-05,
    9.460482294732422e-05,
    9.054634122155992e-05,
    8.550178566873411e-05
  ]
}