{
  "train_loss": [
    0.772710069672752,
    0.5959178734826678,
    0.5686744549347245,
    0.5549146241814126,
    0.5475995090171581
  ],
  "val_loss": [
    0.8182861594536983,
    0.7631849395323804,
    0.746915767982225,
    0.8084708255827902,
    0.7311256813530457
  ],
  "val_accuracy": [
    0.8784285967085471,
    0.8980711378517077,
    0.8957706600601664,
    0.8644487701291806,
    0.9053264908865688
  ],
  "val_f1": [
    0.8578785141495928,
    0.8891110359991445,
    0.8909512622841136,
    0.8567893434449948,
    0.8983454334341815
  ],
  "learning_rate": [
    9.939057285945933e-05,
    9.757729755661012e-05,
    9.460482294732422e-05,
    9.054634122155992e-05,
    8.550178566873411e-05
  ]
}