{
  "train_loss": [
    1.0536760493316724,
    0.6102088801278412,
    0.5796991642422349,
    0.5597473152038706,
    0.5515111614274615
  ],
  "val_loss": [
    0.9342745140134244,
    0.8865556377918188,
    0.8520082773792703,
    0.7849959528587536,
    0.7902485839963234
  ],
  "val_accuracy": [
    0.8248097681826225,
    0.8313572818970094,
    0.8455140683064944,
    0.8819677933109185,
    0.88055211466997
  ],
  "val_f1": [
    0.8192370704369154,
    0.8257143814128118,
    0.8358724206573427,
    0.8689800397496498,
    0.8684715878434124
  ],
  "learning_rate": [
    9.939057285945933e-05,
    9.757729755661012e-05,
    9.460482294732422e-05,
    9.054634122155992e-05,
    8.550178566873411e-05
  ]
}