{
  "efficientnet_b0": {
    "architecture": "efficientnet_b0",
    "accuracy": 0.88055211466997,
    "macro_f1": 0.8684715878434124,
    "per_class_f1": [
      0.7529610829103215,
      0.9087656529516994,
      0.9866220735785953,
      0.983249581239531,
      0.980849292256453,
      0.9502407704654896,
      0.9265341400172861,
      0.900626678603402,
      0.8557312252964426,
      0.4391353811149033
    ],
    "per_class_precision": [
      0.7416666666666667,
      0.9424860853432282,
      0.9833333333333333,
      0.9898819561551433,
      0.988255033557047,
      0.9221183800623053,
      0.9640287769784173,
      0.8273026315789473,
      0.8263358778625954,
      0.4910941475826972
    ],
    "per_class_recall": [
      0.7646048109965635,
      0.8773747841105354,
      0.9899328859060402,
      0.9767054908485857,
      0.9735537190082645,
      0.9801324503311258,
      0.891846921797005,
      0.9882121807465619,
      0.8872950819672131,
      0.39711934156378603
    ],
    "best_epoch": 4,
    "best_val_acc": 0.8819677933109185
  }
}