{
  "architecture": "mobilenet_v3_small",
  "accuracy": 0.8589630153955052,
  "macro_f1": 0.8513154562946113,
  "per_class_f1": [
    0.6848381601362862,
    0.9217970049916805,
    0.9072727272727272,
    0.9795249795249795,
    0.9740150880134115,
    0.9373474369406021,
    0.8443735035913806,
    0.9258555133079848,
    0.7194860813704497,
    0.6186440677966102
  ],
  "per_class_precision": [
    0.6790540540540541,
    0.8892455858747994,
    0.9900793650793651,
    0.964516129032258,
    0.9880952380952381,
    0.9216,
    0.8113496932515337,
    0.8968692449355433,
    0.7533632286995515,
    0.6375545851528385
  ],
  "per_class_recall": [
    0.6907216494845361,
    0.9568221070811744,
    0.837248322147651,
    0.9950083194675541,
    0.9603305785123967,
    0.9536423841059603,
    0.8801996672212978,
    0.9567779960707269,
    0.6885245901639344,
    0.6008230452674898
  ],
  "best_epoch": 5,
  "best_val_acc": 0.8589630153955052
}