{
  "architecture": "resnet50",
  "accuracy": 0.9053264908865688,
  "macro_f1": 0.8983454334341815,
  "per_class_f1": [
    0.7709677419354839,
    0.948509485094851,
    0.9745331069609507,
    0.9825436408977556,
    0.9807852965747702,
    0.9426551453260016,
    0.9616951915240424,
    0.9823182711198428,
    0.881104033970276,
    0.5583424209378408
  ],
  "per_class_precision": [
    0.7264437689969605,
    0.9943181818181818,
    0.9862542955326461,
    0.9817275747508306,
    0.9915540540540541,
    0.8968609865470852,
    0.9424920127795527,
    0.9823182711198428,
    0.9140969162995595,
    0.5939675174013921
  ],
  "per_class_recall": [
    0.8213058419243986,
    0.9067357512953368,
    0.9630872483221476,
    0.9833610648918469,
    0.9702479338842975,
    0.9933774834437086,
    0.9816971713810316,
    0.9823182711198428,
    0.8504098360655737,
    0.5267489711934157
  ],
  "best_epoch": 5,
  "best_val_acc": 0.9053264908865688
}